date,open,high,low,close,volume,position,s
2016-09-07,20.81,21.12,20.69,20.83,474,0,0.0
2016-09-08,20.85,20.89,20.61,20.86,629,0,0.0
2016-09-09,20.81,21.03,20.65,20.69,550,0,0.0
2016-09-12,20.63,20.88,20.51,20.82,573,0,0.0
2016-09-13,20.84,21.03,20.77,20.94,643,0,0.0
2016-09-14,20.96,21.0,20.68,20.81,521,0,0.0
2016-09-15,20.79,21.18,20.71,21.15,732,0,0.0
2016-09-16,21.16,22.86,21.13,22.54,2181,0,0.0
2016-09-19,22.43,22.95,22.4,22.7,1801,0,0.0
2016-09-20,22.43,22.95,22.37,22.66,1026,0,0.0
2016-09-21,22.8,22.86,22.5,22.72,540,0,0.0
2016-09-22,22.88,23.88,22.59,22.59,1915,0,0.0
2016-09-23,22.59,22.84,22.22,22.74,2043,0,0.0
2016-09-26,22.6,23.18,22.51,23.13,2778,0,0.0
2016-09-27,23.14,23.55,22.84,23.44,2752,0,0.0
2016-09-28,23.54,23.85,23.37,23.81,2485,0,0.0
2016-09-29,23.84,24.06,23.24,23.43,3017,0,0.0
2016-09-30,23.39,23.56,22.79,22.8,5111,0,0.0
2016-10-03,22.8,22.8,22.8,22.8,0,0,0.0
2016-10-04,22.58,23.44,22.56,23.29,3428,0,0.0
2016-10-05,23.35,23.86,23.25,23.61,3425,0,0.0
2016-10-06,23.9,23.9,22.83,23.16,2971,0,0.0
2016-10-07,23.02,23.69,22.92,23.38,2470,0,0.0
2016-10-10,23.24,23.38,22.82,23.1,2518,0,0.0
2016-10-11,23.0,23.4,22.66,23.29,3149,0,0.0
2016-10-12,23.4,23.59,22.87,23.15,2892,0,0.0
2016-10-13,23.13,23.3,22.88,22.89,2897,0,0.0
2016-10-14,22.95,23.32,22.73,22.96,2908,0,0.0
2016-10-17,22.96,22.96,22.96,22.96,0,0,0.0
2016-10-18,22.96,22.96,22.96,22.96,0,0,0.0
2016-10-19,22.96,22.96,22.96,22.96,0,0,0.0
2016-10-20,22.96,22.96,22.96,22.96,0,0,0.0
2016-10-21,22.96,22.96,22.96,22.96,0,0,0.0
2016-10-24,22.71,22.71,22.71,22.71,0,0,0.0
2016-10-25,22.71,22.71,22.71,22.71,0,0,0.0
2016-10-26,22.9,22.95,22.66,22.76,1251,0,0.0
2016-10-27,22.76,22.76,22.76,22.76,0,0,0.0
2016-10-28,22.63,22.65,22.14,22.23,1917,0,0.0
2016-10-31,22.15,22.15,22.15,22.15,0,0,0.0
2016-11-01,22.15,22.15,22.15,22.15,0,0,0.0
2016-11-02,21.16,21.38,21.08,21.36,1709,0,0.0
2016-11-03,21.8,21.85,21.36,21.5,1715,0,0.0
2016-11-04,21.5,21.5,21.5,21.5,0,0,0.0
2016-11-07,21.74,21.74,21.74,21.74,0,0,0.0
2016-11-08,21.74,21.74,21.74,21.74,0,0,0.0
2016-11-09,21.74,21.74,21.74,21.74,0,0,0.0
2016-11-10,22.21,22.5,21.63,21.68,2096,0,0.0
2016-11-11,21.68,21.68,21.68,21.68,0,0,0.0
2016-11-14,21.77,21.77,21.77,21.77,0,0,0.0
2016-11-15,21.77,21.77,21.77,21.77,0,0,0.0
2016-11-16,21.15,21.17,20.32,20.44,2232,0,0.0
2016-11-17,20.31,20.51,20.25,20.41,1227,0,0.0
2016-11-18,20.41,20.41,20.41,20.41,0,0,0.0
2016-11-21,20.23,20.23,20.23,20.23,0,0,0.0
2016-11-22,20.23,20.23,20.23,20.23,0,0,0.0
2016-11-23,20.23,20.23,20.23,20.23,0,0,0.0
2016-11-24,19.75,19.89,19.57,19.63,1422,0,0.0
2016-11-25,19.72,20.05,19.58,19.72,966,0,0.0
2016-11-28,19.88,19.88,19.88,19.88,0,0,0.0
2016-11-29,19.88,19.88,19.88,19.88,0,0,0.0
2016-11-30,19.88,19.88,19.88,19.88,0,0,0.0
2016-12-01,19.88,19.88,19.88,19.88,0,0,0.0
2016-12-02,19.88,19.88,19.88,19.88,0,0,0.0
2016-12-05,19.88,19.88,19.88,19.88,0,0,0.0
2016-12-06,19.88,19.88,19.88,19.88,0,0,0.0
2016-12-07,19.88,19.88,19.88,19.88,0,0,0.0
2016-12-12,19.88,19.88,19.88,19.88,0,0,0.0
2016-12-13,19.88,19.88,19.88,19.88,0,0,0.0
2016-12-14,19.88,19.88,19.88,19.88,0,0,0.0
2016-12-20,18.35,18.35,18.16,18.19,327,0,0.0
2016-12-21,18.27,18.45,18.13,18.25,371,0,0.0
2016-12-22,18.19,18.3,18.13,18.29,186,0,0.0
2016-12-23,18.19,18.31,18.16,18.24,198,0,0.0
2016-12-28,18.65,18.82,18.57,18.77,528,0,0.0
2016-12-29,19.04,19.69,19.01,19.65,635,0,0.0
2016-12-30,19.53,19.69,19.47,19.61,390,0,0.0
2017-01-04,20.55,20.89,20.41,20.63,950,0,0.0
2017-01-05,20.89,21.18,20.67,20.95,769,0,0.0
2017-01-06,20.66,20.7,20.31,20.62,571,0,0.0
2017-01-10,20.5,20.56,20.17,20.37,567,0,0.0
2017-01-11,20.55,20.89,20.55,20.6,726,0,0.0
2017-01-12,20.61,20.78,20.6,20.7,366,0,0.0
2017-01-13,20.82,20.93,20.59,20.72,475,0,0.0
2017-01-17,20.57,20.83,20.52,20.77,951,0,0.0
2017-01-18,20.77,20.81,20.55,20.68,979,0,0.0
2017-01-19,21.0,21.38,21.0,21.27,1614,0,0.0
2017-01-20,20.09,20.53,20.06,20.23,1936,0,0.0
2017-01-24,20.64,20.99,20.58,20.66,1353,0,0.0
2017-01-25,20.53,20.74,20.43,20.62,1313,0,0.0
2017-01-26,20.38,20.53,20.26,20.4,1172,0,0.0
2017-01-27,20.39,20.53,20.3,20.47,870,0,0.0
2017-01-31,20.31,20.45,20.26,20.31,741,0,0.0
2017-02-01,20.5,20.7,20.46,20.63,1222,0,0.0
2017-02-02,20.84,21.2,20.35,20.62,2463,0,0.0
2017-02-03,20.44,21.06,20.39,21.04,1751,0,0.0
2017-02-07,21.2,21.32,20.98,21.1,1578,0,0.0
2017-02-08,20.74,20.94,20.61,20.68,989,0,0.0
2017-02-09,20.74,21.03,20.66,20.83,1150,0,0.0
2017-02-10,20.67,20.74,20.31,20.36,1215,0,0.0
2017-02-14,20.04,20.52,20.04,20.35,1594,0,0.0
2017-02-15,20.5,20.84,20.45,20.72,1238,0,0.0
2017-02-16,20.45,20.5,20.05,20.06,1248,0,0.0
2017-02-17,20.34,20.37,20.13,20.2,1258,0,0.0
2017-02-21,20.43,20.54,20.35,20.51,813,0,0.0
2017-02-22,20.77,20.94,20.65,20.74,1677,0,0.0
2017-02-23,20.69,20.72,20.13,20.16,1489,0,0.0
2017-02-24,20.11,20.21,19.75,19.82,1834,0,0.0
2017-02-28,19.25,19.52,19.1,19.38,1642,0,0.0
2017-03-01,19.33,19.5,19.16,19.23,1424,0,0.0
2017-03-02,19.54,19.69,19.35,19.43,1141,0,0.0
2017-03-03,19.5,19.77,19.42,19.62,1059,0,0.0
2017-03-07,19.13,19.15,18.43,18.49,1988,0,0.0
2017-03-08,18.41,18.56,18.19,18.27,1264,0,0.0
2017-03-09,18.5,18.73,18.27,18.32,1603,0,0.0
2017-03-10,18.09,18.34,17.96,18.14,1698,0,0.0
2017-03-14,18.25,18.33,18.1,18.19,967,0,0.0
2017-03-15,18.19,18.29,18.13,18.17,774,0,0.0
2017-03-16,18.3,18.53,18.24,18.27,1862,0,0.0
2017-03-17,18.3,18.38,17.52,17.55,2242,0,0.0
2017-03-21,17.68,17.7,17.05,17.32,2578,0,0.0
2017-03-22,17.29,17.31,17.02,17.2,1547,0,0.0
2017-03-23,17.32,17.47,17.15,17.43,1379,0,0.0
2017-03-24,17.67,17.95,17.54,17.77,1989,0,0.0
2017-03-28,17.84,18.16,17.48,17.55,1685,0,0.0
2017-03-29,17.58,17.59,17.08,17.23,1635,0,0.0
2017-03-30,17.0,17.06,16.58,16.99,1761,0,0.0
2017-03-31,16.81,16.87,16.69,16.76,244,0,0.0
2017-04-04,16.52,16.56,16.17,16.28,1407,0,0.0
2017-04-05,16.6,16.95,16.28,16.36,2691,0,0.0
2017-04-06,16.1,16.43,16.08,16.38,1307,0,0.0
2017-04-07,16.54,16.83,16.48,16.78,1402,0,0.0
2017-04-11,16.6,16.79,16.21,16.63,1937,0,0.0
2017-04-12,16.81,16.93,16.57,16.75,1471,0,0.0
2017-04-13,16.75,17.16,16.64,16.84,1553,0,0.0
2017-04-14,16.74,17.13,16.55,16.66,1916,0,0.0
2017-04-18,16.54,16.67,16.31,16.5,1215,0,0.0
2017-04-19,16.96,16.99,16.64,16.75,1464,0,0.0
2017-04-20,16.52,16.76,16.48,16.55,1128,0,0.0
2017-04-21,16.44,16.67,16.35,16.58,1406,0,0.0
2017-04-25,16.31,16.48,16.24,16.29,1066,0,0.0
2017-04-26,16.32,16.41,15.79,15.92,2238,0,0.0
2017-04-27,15.7,15.86,15.35,15.47,2076,0,0.0
2017-04-28,15.41,16.07,15.4,15.9,1895,0,0.0
2017-05-02,16.19,16.49,15.98,16.12,1799,0,0.0
2017-05-03,15.82,15.91,15.6,15.79,1137,0,0.0
2017-05-04,15.77,15.79,15.31,15.35,1328,0,0.0
2017-05-05,15.38,15.67,15.32,15.4,1219,0,0.0
2017-05-09,15.47,15.71,15.36,15.41,1303,0,0.0
2017-05-10,15.48,15.78,15.45,15.74,1078,0,0.0
2017-05-11,15.91,15.93,15.59,15.62,1016,0,0.0
2017-05-12,15.63,15.84,15.53,15.59,1286,0,0.0
2017-05-16,15.75,15.96,15.73,15.83,1388,0,0.0
2017-05-17,16.01,16.34,15.87,16.19,1949,0,0.0
2017-05-18,16.0,16.19,15.58,16.04,2704,0,0.0
2017-05-19,15.99,16.4,15.91,16.31,1765,0,0.0
2017-05-23,16.38,16.42,15.95,16.05,1589,0,0.0
2017-05-24,15.9,15.95,15.37,15.42,2054,0,0.0
2017-05-25,15.7,15.7,15.44,15.66,1338,0,0.0
2017-05-26,15.6,15.6,15.02,15.13,1772,0,0.0
2017-05-30,15.2,15.2,14.73,14.93,2712,0,0.0
2017-05-31,15.03,15.16,14.75,14.99,1445,0,0.0
2017-06-01,15.0,15.0,14.34,14.37,1868,0,0.0
2017-06-02,14.26,14.35,13.77,13.85,1778,0,0.0
2017-06-06,13.98,14.23,13.68,14.14,1488,0,0.0
2017-06-07,14.0,14.32,13.75,13.92,1680,0,0.0
2017-06-08,14.18,14.39,14.07,14.24,1128,0,0.0
2017-06-09,14.39,14.43,14.18,14.29,809,0,0.0
2017-06-13,14.02,14.05,13.81,13.94,950,0,0.0
2017-06-14,13.73,13.78,13.36,13.73,1735,0,0.0
2017-06-15,13.55,13.67,13.44,13.51,822,0,0.0
2017-06-16,13.5,13.66,13.48,13.53,296,0,0.0
2017-06-20,13.45,13.7,13.34,13.62,696,0,0.0
2017-06-21,13.61,13.66,13.22,13.25,540,0,0.0
2017-06-22,13.12,13.12,12.88,12.98,644,0,0.0
2017-06-23,12.84,13.0,12.76,13.0,540,0,0.0
2017-06-27,12.62,12.72,12.53,12.62,471,0,0.0
2017-06-28,12.72,12.83,12.54,12.57,464,0,0.0
2017-06-29,12.58,13.25,12.54,13.18,363,0,0.0
2017-06-30,13.48,13.83,13.44,13.83,57,0,0.0
2017-07-04,14.99,15.53,14.99,15.51,15,0,0.0
2017-07-05,15.48,15.48,15.05,15.19,26,0,0.0
2017-07-06,15.14,15.38,15.14,15.26,42,0,0.0
2017-07-07,15.21,15.53,15.19,15.53,29,0,0.0
2017-07-11,15.06,15.06,14.77,14.88,20,0,0.0
2017-07-12,15.01,15.01,14.89,15.0,7,0,0.0
2017-07-13,15.05,15.54,15.05,15.54,22,0,0.0
2017-07-14,15.54,15.55,15.41,15.55,4,0,0.0
2017-07-18,15.85,15.86,15.76,15.77,6,0,0.0
2017-07-19,15.75,16.02,15.75,15.97,20,0,0.0
2017-07-20,16.12,16.16,16.01,16.08,15,0,0.0
2017-07-21,16.19,16.3,16.18,16.22,21,0,0.0
2017-07-25,16.25,16.25,15.9,16.0,17,0,0.0
2017-07-26,15.81,16.27,15.81,16.27,10,0,0.0
2017-07-27,16.27,16.41,16.24,16.38,45,0,0.0
2017-07-28,16.31,16.33,16.1,16.21,36,0,0.0
2017-08-01,16.4,16.59,16.38,16.55,29,0,0.0
2017-08-02,16.39,16.49,16.39,16.45,3,0,0.0
2017-08-03,16.27,16.27,15.78,16.03,10,0,0.0
2017-08-04,16.13,16.13,15.86,15.86,7,0,0.0
2017-08-08,16.02,16.02,15.85,15.89,6,0,0.0
2017-08-09,15.9,15.9,15.73,15.82,9,0,0.0
2017-08-10,15.8,15.9,15.77,15.86,9,0,0.0
2017-08-11,15.67,15.67,15.55,15.55,18,0,0.0
2017-08-15,15.52,15.52,15.4,15.4,6,0,0.0
2017-08-16,15.5,15.55,15.25,15.25,18,0,0.0
2017-08-17,15.24,15.3,15.13,15.13,23,0,0.0
2017-08-18,15.55,15.55,15.34,15.42,5,0,0.0
2017-08-22,15.45,15.52,15.4,15.52,6,0,0.0
2017-08-23,15.73,15.73,15.49,15.66,5,0,0.0
2017-08-24,15.76,15.93,15.71,15.87,24,0,0.0
2017-08-25,15.93,15.95,15.89,15.89,8,0,0.0
2017-08-29,15.99,16.06,15.9,16.06,15,0,0.0
2017-08-30,15.75,15.83,15.68,15.83,6,0,0.0
2017-08-31,15.84,16.18,15.84,16.15,34,0,0.0
2017-09-01,16.11,16.17,15.9,15.98,16,0,0.0
2017-09-05,15.88,15.94,15.72,15.89,16,0,0.0
2017-09-06,15.99,16.2,15.93,16.2,13,0,0.0
2017-09-07,16.12,16.14,15.99,15.99,12,0,0.0
2017-09-08,16.12,16.15,15.99,16.15,6,0,0.0
2017-09-12,15.95,15.99,15.79,15.79,7,0,0.0
2017-09-13,15.82,15.97,15.76,15.92,15,0,0.0
2017-09-14,15.9,16.07,15.86,16.02,21,0,0.0
2017-09-15,15.99,16.13,15.92,16.12,27,0,0.0
2017-09-19,16.1,16.16,15.76,15.77,27,0,0.0
2017-09-20,15.71,15.91,15.7,15.84,31,0,0.0
2017-09-21,15.97,15.99,15.84,15.97,18,0,0.0
2017-09-22,15.99,16.08,15.86,15.95,28,0,0.0
2017-09-26,15.73,15.74,15.35,15.39,36,0,0.0
2017-09-27,15.5,15.5,15.14,15.19,19,0,0.0
2017-09-28,15.17,15.24,15.1,15.16,18,0,0.0
2017-09-29,15.32,15.32,15.03,15.16,47,0,0.0
2017-10-03,15.46,15.5,15.35,15.35,38,0,0.0
2017-10-04,15.2,15.41,15.19,15.4,43,0,0.0
2017-10-05,15.42,15.58,15.33,15.55,45,0,0.0
2017-10-06,15.48,15.48,15.08,15.15,43,0,0.0
2017-10-10,15.2,15.38,15.18,15.33,24,0,0.0
2017-10-11,15.27,15.43,15.27,15.43,17,0,0.0
2017-10-12,15.43,15.45,15.16,15.22,26,0,0.0
2017-10-13,15.45,15.53,15.34,15.49,59,0,0.0
2017-10-17,15.3,15.45,15.2,15.22,26,0,0.0
2017-10-18,15.25,15.31,15.22,15.22,44,0,0.0
2017-10-19,15.2,15.42,15.2,15.22,26,0,0.0
2017-10-20,15.2,15.31,15.1,15.13,41,0,0.0
2017-10-24,15.07,15.26,15.07,15.25,56,0,0.0
2017-10-25,15.28,15.35,15.25,15.29,28,0,0.0
2017-10-26,15.27,15.33,15.08,15.2,35,0,0.0
2017-10-27,15.15,15.45,15.1,15.4,35,0,0.0
2017-10-31,15.45,15.61,15.38,15.48,41,0,0.0
2017-11-01,15.59,15.67,15.45,15.67,43,0,0.0
2017-11-02,15.46,15.51,15.19,15.25,26,0,0.0
2017-11-03,15.46,15.58,15.19,15.43,45,0,0.0
2017-11-07,15.4,15.48,15.32,15.47,28,0,0.0
2017-11-08,15.51,15.59,15.46,15.59,19,0,0.0
2017-11-09,15.61,15.7,15.61,15.69,18,0,0.0
2017-11-10,15.66,15.71,15.63,15.69,24,0,0.0
2017-11-14,15.66,15.75,15.59,15.65,48,0,0.0
2017-11-15,15.59,15.69,15.59,15.65,28,0,0.0
2017-11-16,15.66,15.76,15.62,15.72,36,0,0.0
2017-11-17,15.66,15.84,15.62,15.84,22,0,0.0
2017-11-21,15.67,15.75,15.65,15.66,31,0,0.0
2017-11-22,15.61,15.86,15.61,15.82,30,0,0.0
2017-11-23,15.61,15.86,15.61,15.8,47,0,0.0
2017-11-24,15.8,15.86,15.77,15.86,26,0,0.0
2017-11-28,15.89,15.91,15.69,15.75,54,0,0.0
2017-11-29,15.77,15.84,15.67,15.83,45,0,0.0
2017-11-30,15.7,15.82,15.7,15.82,23,0,0.0
2017-12-01,15.66,15.76,15.61,15.76,27,0,0.0
2017-12-05,15.58,15.68,15.57,15.61,14,0,0.0
2017-12-06,15.54,15.55,15.36,15.36,37,0,0.0
2017-12-07,15.31,15.35,15.14,15.15,27,0,0.0
2017-12-08,15.09,15.09,14.98,14.99,37,0,0.0
2017-12-12,14.79,14.82,14.58,14.58,42,0,0.0
2017-12-13,14.64,14.66,14.43,14.49,100,0,0.0
2017-12-14,14.44,14.52,14.42,14.42,43,0,0.0
2017-12-15,14.44,14.47,14.37,14.37,28,0,0.0
2017-12-19,14.53,14.9,14.51,14.86,32,0,0.0
2017-12-20,14.99,15.13,14.97,15.11,18,0,0.0
2017-12-21,15.23,15.26,15.19,15.24,5,0,0.0
2017-12-22,15.23,15.43,15.1,15.41,66,0,0.0
2017-12-27,15.35,15.52,15.35,15.5,24,0,0.0
2017-12-28,15.51,15.57,15.49,15.55,15,0,0.0
2017-12-29,15.51,15.66,15.51,15.66,16,0,0.0
2018-01-03,15.83,15.87,15.75,15.84,23,0,0.0
2018-01-04,15.92,15.92,15.59,15.89,79,0,0.0
2018-01-05,15.92,15.96,15.59,15.8,34,0,0.0
2018-01-09,15.7,15.7,15.43,15.48,49,0,0.0
2018-01-10,15.64,15.73,15.55,15.67,30,0,0.0
2018-01-11,15.58,15.59,15.29,15.4,62,0,0.0
2018-01-12,15.38,15.39,15.12,15.16,33,0,0.0
2018-01-17,14.96,14.97,14.7,14.71,49,0,0.0
2018-01-18,14.73,14.81,14.55,14.55,71,0,0.0
2018-01-19,14.55,14.76,14.4,14.6,82,0,0.0
2018-01-23,14.6,14.67,14.56,14.62,60,0,0.0
2018-01-24,14.72,14.72,14.56,14.65,57,0,0.0
2018-01-25,14.69,14.81,14.66,14.75,76,0,0.0
2018-01-26,14.82,14.91,14.77,14.8,62,0,0.0
2018-01-30,15.16,15.19,15.02,15.04,75,0,0.0
2018-01-31,15.14,15.17,14.95,15.04,75,0,0.0
2018-02-01,14.84,14.91,14.76,14.8,133,0,0.0
2018-02-02,14.95,15.0,14.87,14.97,159,0,0.0
2018-02-06,15.08,15.22,15.03,15.2,76,0,0.0
2018-02-07,15.14,15.23,14.97,15.17,67,0,0.0
2018-02-08,15.27,15.27,15.05,15.16,65,0,0.0
2018-02-09,14.95,15.05,14.93,15.03,64,0,0.0
2018-02-13,14.91,14.95,14.62,14.65,65,0,0.0
2018-02-14,14.74,14.76,14.56,14.66,70,0,0.0
2018-02-15,14.63,14.7,14.53,14.69,81,0,0.0
2018-02-16,14.76,14.76,14.49,14.5,54,0,0.0
2018-02-20,14.64,14.64,14.5,14.56,68,0,0.0
2018-02-21,14.57,14.67,14.57,14.66,43,0,0.0
2018-02-22,14.6,14.74,14.6,14.63,46,0,0.0
2018-02-23,14.76,14.76,14.63,14.69,60,0,0.0
2018-02-27,14.62,14.65,14.27,14.29,123,0,0.0
2018-02-28,14.19,14.64,14.16,14.63,141,0,0.0
2018-03-01,14.61,14.76,14.47,14.75,105,0,0.0
2018-03-02,14.79,14.9,14.71,14.75,96,0,0.0
2018-03-06,14.81,14.9,14.75,14.81,83,0,0.0
2018-03-07,14.74,14.74,14.37,14.39,168,0,0.0
2018-03-08,14.25,14.47,14.21,14.25,153,0,0.0
2018-03-09,14.28,14.34,14.17,14.2,83,0,0.0
2018-03-13,14.3,14.34,14.05,14.08,148,0,0.0
2018-03-14,14.32,14.34,14.05,14.19,101,0,0.0
2018-03-15,14.3,14.34,14.1,14.25,208,0,0.0
2018-03-16,14.26,14.26,14.13,14.16,83,0,0.0
2018-03-20,14.37,14.4,14.18,14.28,151,0,0.0
2018-08-09,11.71,11.9,11.65,11.83,299,0,0.0
2018-08-10,11.75,11.9,11.46,11.47,186,0,0.0
2018-08-14,11.32,11.51,11.26,11.37,238,0,0.0
2018-08-15,11.3,11.33,11.13,11.16,239,0,0.0
2018-08-16,11.15,11.33,11.11,11.15,256,0,0.0
2018-08-17,11.18,11.27,11.0,11.01,154,0,0.0
2018-08-21,10.9,11.11,10.89,10.92,45,0,0.0
2018-08-22,10.99,11.07,10.83,10.94,128,0,0.0
2018-08-23,11.05,11.1,10.83,11.02,137,0,0.0
2018-08-24,10.95,11.3,10.94,11.24,208,0,0.0
2018-08-28,11.17,11.27,11.06,11.15,189,0,0.0
2018-08-29,11.11,11.26,11.05,11.15,249,0,0.0
2018-08-30,11.08,11.28,11.08,11.18,243,0,0.0
2018-08-31,11.33,11.52,11.08,11.39,247,0,0.0
2018-09-05,11.46,11.72,11.34,11.71,196,0,0.0
2018-09-06,11.62,11.71,11.53,11.59,292,0,0.0
2018-09-07,11.57,11.77,11.52,11.74,239,0,0.0
2018-09-11,12.03,12.1,11.82,11.95,276,0,0.0
2018-09-12,11.95,12.29,11.91,12.29,209,0,0.0
2018-09-13,12.3,12.53,11.92,12.41,321,0,0.0
2018-09-14,12.43,12.55,11.96,12.16,328,0,0.0
2018-09-18,11.6,12.0,11.4,11.4,400,0,0.0
2018-09-19,11.52,11.79,11.39,11.79,341,0,0.0
2018-09-20,11.64,11.89,11.51,11.63,371,0,0.0
2018-09-21,11.7,11.81,11.57,11.63,328,0,0.0
2018-09-25,11.33,11.7,11.11,11.24,297,0,0.0
2018-09-26,11.15,11.37,10.85,10.87,315,0,0.0
2018-09-27,10.92,10.97,10.8,10.9,318,0,0.0
2018-09-28,10.9,11.19,10.86,11.12,266,0,0.0
2018-10-02,11.61,12.25,11.57,12.16,322,0,0.0
2018-10-03,12.09,12.38,11.57,12.14,355,0,0.0
2018-10-04,12.23,12.38,11.91,12.28,302,0,0.0
2018-10-05,12.33,12.67,12.32,12.61,277,0,0.0
2018-10-09,12.94,12.99,12.7,12.9,336,0,0.0
2018-10-10,12.92,13.14,12.62,12.76,271,0,0.0
2018-10-11,12.82,13.08,12.63,13.07,309,0,0.0
2018-10-12,12.95,13.28,12.95,13.2,211,0,0.0
2018-10-16,13.43,13.45,13.19,13.38,280,0,0.0
2018-10-17,13.25,13.74,13.23,13.68,405,0,0.0
2018-10-18,13.73,13.95,13.53,13.87,420,0,0.0
2018-10-19,13.82,13.9,13.66,13.83,446,0,0.0
2018-10-23,13.82,13.95,13.68,13.86,397,0,0.0
2018-10-24,13.73,14.24,13.71,14.0,428,0,0.0
2018-10-25,14.02,14.22,13.93,14.02,450,0,0.0
2018-10-26,13.9,13.97,13.79,13.95,464,0,0.0
2018-10-30,13.5,13.5,13.17,13.37,339,0,0.0
2018-10-31,13.3,13.5,13.14,13.22,254,0,0.0
2018-11-01,13.12,13.54,13.08,13.31,357,0,0.0
2018-11-02,13.23,13.48,13.18,13.43,276,0,0.0
2018-11-06,13.12,13.23,12.89,13.02,258,0,0.0
2018-11-07,13.01,13.17,12.96,13.07,275,0,0.0
2018-11-08,13.01,13.11,12.83,12.85,242,0,0.0
2018-11-09,12.8,12.84,12.68,12.75,250,0,0.0
2018-11-13,12.91,12.91,12.6,12.62,293,0,0.0
2018-11-14,12.56,12.79,12.53,12.67,344,0,0.0
2018-11-15,12.74,12.88,12.62,12.8,275,0,0.0
2018-11-16,12.65,12.88,12.58,12.71,269,0,0.0
2018-11-20,12.89,12.91,12.43,12.46,216,0,0.0
2018-11-21,12.57,12.91,12.36,12.69,260,0,0.0
2018-11-22,12.57,12.91,12.36,12.68,334,0,0.0
2018-11-23,12.58,12.64,12.33,12.41,215,0,0.0
2018-11-27,12.49,12.5,12.36,12.41,174,0,0.0
2018-11-28,12.38,12.81,12.36,12.72,224,0,0.0
2018-11-29,12.38,12.87,12.36,12.82,298,0,0.0
2018-11-30,12.82,13.21,12.72,12.87,336,0,0.0
2018-12-04,12.91,13.0,12.78,12.84,203,0,0.0
2018-12-05,12.91,13.0,12.68,12.72,276,0,0.0
2018-12-06,12.71,12.8,12.52,12.52,182,0,0.0
2018-12-07,12.66,13.07,12.49,12.91,228,0,0.0
2018-12-11,12.72,12.86,12.66,12.83,148,0,0.0
2018-12-12,12.85,12.9,12.66,12.7,170,0,0.0
2018-12-13,12.72,12.9,12.43,12.58,175,0,0.0
2018-12-14,12.75,12.78,12.58,12.73,217,0,0.0
2018-12-18,12.49,12.5,12.32,12.36,174,0,0.0
2018-12-19,12.3,12.88,12.27,12.68,213,0,0.0
2018-12-20,12.47,12.88,12.27,12.37,194,0,0.0
2018-12-21,12.43,12.47,12.25,12.29,179,0,0.0
2018-12-25,12.34,12.5,12.32,12.43,225,0,0.0
2018-12-26,12.4,12.51,12.33,12.43,71,0,0.0
2018-12-27,12.39,12.44,12.24,12.24,165,0,0.0
2018-12-28,12.27,12.32,12.2,12.22,156,0,0.0
2019-01-01,12.39,12.41,12.03,12.04,212,0,0.0
2019-01-02,12.1,12.11,11.83,11.86,192,0,0.0
2019-01-03,11.88,11.92,11.73,11.74,205,0,0.0
2019-01-04,11.75,11.97,11.73,11.88,223,0,0.0
2019-01-08,12.66,12.85,11.94,12.71,195,0,0.0
2019-01-09,12.78,12.94,12.63,12.79,188,0,0.0
2019-01-10,12.85,12.88,12.62,12.71,174,0,0.0
2019-01-11,12.7,12.89,12.68,12.85,205,0,0.0
2019-01-15,12.76,12.97,12.72,12.96,196,0,0.0
2019-01-16,13.16,13.27,13.09,13.17,177,0,0.0
2019-01-17,13.12,13.15,12.88,12.96,204,0,0.0
2019-01-18,12.85,13.15,12.83,13.05,177,0,0.0
2019-01-23,12.91,12.97,12.86,12.92,140,0,0.0
2019-01-24,12.97,13.07,12.86,12.97,168,0,0.0
2019-01-25,12.99,13.01,12.44,12.48,197,0,0.0
2019-01-29,12.79,12.85,12.63,12.72,200,0,0.0
2019-01-30,12.73,12.78,12.53,12.56,165,0,0.0
2019-01-31,12.55,12.85,12.54,12.8,215,0,0.0
2019-02-01,12.7,12.77,12.57,12.67,186,0,0.0
2019-02-05,12.88,12.93,12.51,12.87,190,0,0.0
2019-02-06,12.77,12.91,12.77,12.85,154,0,0.0
2019-02-07,13.11,13.11,12.93,13.04,89,0,0.0
2019-02-08,12.74,12.85,12.71,12.83,175,0,0.0
2019-02-12,12.7,12.92,12.7,12.85,193,0,0.0
2019-02-13,12.87,12.89,12.72,12.76,141,0,0.0
2019-02-14,12.62,12.64,12.38,12.38,128,0,0.0
2019-02-15,12.67,12.91,12.65,12.9,154,0,0.0
2019-02-20,13.24,13.36,13.06,13.36,201,0,0.0
2019-02-21,13.34,13.38,13.22,13.24,223,0,0.0
2019-02-22,13.17,13.37,13.15,13.26,192,0,0.0
2019-02-26,13.01,13.1,12.82,12.87,186,0,0.0
2019-02-27,12.88,12.94,12.8,12.9,203,0,0.0
2019-02-28,13.0,13.0,12.76,12.79,156,0,0.0
2019-03-01,12.85,12.88,12.62,12.65,191,0,0.0
2019-03-05,12.39,12.56,12.38,12.53,184,0,0.0
2019-03-06,12.47,12.47,12.21,12.23,190,0,0.0
2019-03-07,12.2,12.26,12.08,12.11,162,0,0.0
2019-03-08,12.19,12.25,12.11,12.22,159,0,0.0
2019-03-12,12.29,12.46,12.17,12.35,207,0,0.0
2019-03-13,12.35,12.36,12.24,12.35,166,0,0.0
2019-03-14,12.37,12.69,12.28,12.44,209,0,0.0
2019-03-15,12.44,12.54,12.26,12.5,188,0,0.0
2019-03-19,12.83,12.83,12.65,12.7,196,0,0.0
2019-03-20,12.76,12.8,12.68,12.78,170,0,0.0
2019-03-21,12.74,12.74,12.45,12.51,194,0,0.0
2019-03-22,12.5,12.7,12.43,12.6,221,0,0.0
2019-03-26,12.52,12.59,12.4,12.53,199,0,0.0
2019-03-27,12.59,12.73,12.4,12.54,194,0,0.0
2019-03-28,12.57,12.73,12.47,12.58,185,0,0.0
2019-03-29,12.55,12.65,12.5,12.51,185,0,0.0
2019-04-02,12.66,12.77,12.58,12.61,193,0,0.0
2019-04-03,12.65,12.69,12.41,12.42,176,0,0.0
2019-04-04,12.48,12.79,12.4,12.78,208,0,0.0
2019-04-05,12.72,12.84,12.68,12.8,146,0,0.0
2019-04-09,12.58,12.78,12.52,12.77,210,0,0.0
2019-04-10,12.78,12.82,12.7,12.81,153,0,0.0
2019-04-11,12.98,12.98,12.89,12.9,156,0,0.0
2019-04-12,12.86,12.91,12.75,12.88,192,0,0.0
2019-04-16,12.79,12.81,12.56,12.74,40,0,0.0
2019-04-17,12.67,12.8,12.57,12.58,44,0,0.0
2019-04-18,12.36,12.74,12.33,12.69,44,0,0.0
2019-04-19,12.53,13.01,12.51,12.99,62,0,0.0
2019-04-22,12.95,13.05,12.71,12.77,73269,0,0.0
2019-04-23,12.5,12.73,12.48,12.63,50,0,0.0
2019-04-24,12.68,12.72,12.53,12.67,43,0,0.0
2019-04-25,12.9,12.94,12.66,12.7,40,0,0.0
2019-04-26,12.72,12.76,12.52,12.7,39,0,0.0
2019-04-29,12.63,12.64,12.3,12.33,123402,0,0.0
2019-04-30,11.55,12.04,11.55,11.86,30,0,0.0
2019-05-01,12.38,12.39,12.1,12.12,43,0,0.0
2019-05-02,12.25,12.33,12.15,12.29,47,0,0.0
2019-05-03,12.24,12.25,12.0,12.05,42,0,0.0
2019-05-06,11.95,12.01,11.84,11.88,54271,0,0.0
2019-05-07,11.89,12.06,11.85,11.93,43,0,0.0
2019-05-08,12.0,12.0,11.67,11.68,45,0,0.0
2019-05-09,11.66,11.91,11.65,11.75,46,0,0.0
2019-05-10,11.83,12.15,11.71,11.72,53,0,0.0
2019-05-14,11.83,11.97,11.74,11.89,49,0,0.0
2019-05-15,12.0,12.06,11.8,11.82,50,0,0.0
2019-05-16,11.81,11.88,11.7,11.77,45,0,0.0
2019-05-17,11.75,11.76,11.43,11.44,44,0,0.0
2019-06-05,12.42,12.53,12.23,12.23,54,0,0.0
2019-06-06,12.2,12.52,12.09,12.41,50,0,0.0
2019-06-07,12.49,12.5,12.42,12.5,43,0,0.0
2019-06-11,12.44,12.45,12.27,12.44,41,0,0.0
2019-06-12,12.51,12.62,12.46,12.6,49,0,0.0
